{
  "project_info": {
    "project_number": "581906129236",
    "firebase_url": "https://join-f1527.firebaseio.com",
    "project_id": "join-f1527",
    "storage_bucket": "join-f1527.appspot.com"
  },
  "client": [
    {
      "client_info": {
        "mobilesdk_app_id": "1:581906129236:android:d91da060eeb89ab5",
        "android_client_info": {
          "package_name": "com.sny.app"
        }
      },
      "oauth_client": [
        {
          "client_id": "581906129236-oi87t7lrtsplu45q64d0940pvpjn8v9c.apps.googleusercontent.com",
          "client_type": 3
        }
      ],
      "api_key": [
        {
          "current_key": "AIzaSyCVcxK6TaIgN5xy3E1CtXCcgcwuLJx4jMI"
        }
      ],
      "services": {
        "analytics_service": {
          "status": 1
        },
        "appinvite_service": {
          "status": 1,
          "other_platform_oauth_client": []
        },
        "ads_service": {
          "status": 2
        }
      }
    }
  ],
  "configuration_version": "1"
}